name,id,nametype,recclass,mass (g),fall,year,reclat,reclong,GeoLocation
Hoba,11890,Valid,"Iron, IVB",60000000,Found,1/1/1920 0:00,-19.58333,17.91667,"(-19.58333, 17.91667)"
Cape York,5262,Valid,"Iron, IIIAB",58200000,Found,01/01/1818 12:00:00 AM,76.13333,-64.93333,"(76.13333, -64.93333)"
Campo del Cielo,5247,Valid,"Iron, IAB-MG",50000000,Found,12/22/1575 12:00:00 AM,-27.46667,-60.58333,"(-27.46667, -60.58333)"
Canyon Diablo,5257,Valid,"Iron, IAB-MG",30000000,Found,01/01/1891 12:00:00 AM,35.05,-111.03333,"(35.05, -111.03333)"
Armanty,2335,Valid,"Iron, IIIE",28000000,Found,01/01/1898 12:00:00 AM,47,88,"(47.0, 88.0)"
Gibeon,10912,Valid,"Iron, IVA",26000000,Found,01/01/1836 12:00:00 AM,-25.5,18,"(-25.5, 18.0)"
Chupaderos,5363,Valid,"Iron, IIIAB",24300000,Found,01/01/1852 12:00:00 AM,27,-105.1,"(27.0, -105.1)"
Mundrabilla,16852,Valid,"Iron, IAB-ung",24000000,Found,1/1/1911 0:00,-30.78333,127.55,"(-30.78333, 127.55)"
Sikhote-Alin,23593,Valid,"Iron, IIAB",23000000,Fell,1/1/1947 0:00,46.16,134.65333,"(46.16, 134.65333)"
Bacubirito,4919,Valid,"Iron, ungrouped",22000000,Found,01/01/1863 12:00:00 AM,26.2,-107.83333,"(26.2, -107.83333)"
Mbosi,15456,Valid,"Iron, ungrouped",16000000,Found,1/1/1930 0:00,-9.11667,33.06667,"(-9.11667, 33.06667)"
Willamette,24269,Valid,"Iron, IIIAB",15500000,Found,1/1/1902 0:00,45.36667,-122.58333,"(45.36667, -122.58333)"
Morito,16745,Valid,"Iron, IIIAB",10100000,Found,01/01/1600 12:00:00 AM,27.05,-105.43333,"(27.05, -105.43333)"
Nantan,16906,Valid,"Iron, IAB-MG",9500000,Found,1/1/1958 0:00,25.1,107.7,"(25.1, 107.7)"
Cranbourne,5463,Valid,"Iron, IAB-MG",8600000,Found,01/01/1854 12:00:00 AM,-38.1,145.3,"(-38.1, 145.3)"
Santa Catharina,23162,Valid,"Iron, IAB-ung",7000000,Found,01/01/1875 12:00:00 AM,-26.21667,-48.6,"(-26.21667, -48.6)"
Bendegó,5015,Valid,"Iron, IC",5360000,Found,01/01/1784 12:00:00 AM,-10.11667,-39.2,"(-10.11667, -39.2)"
Brenham,5136,Valid,"Pallasite, PMG-an",4300000,Found,01/01/1882 12:00:00 AM,37.5825,-99.16361,"(37.5825, -99.16361)"
Jilin,12171,Valid,H5,4000000,Fell,1/1/1976 0:00,44.05,126.16667,"(44.05, 126.16667)"
Vaca Muerta,24142,Valid,Mesosiderite-A1,3828000,Found,01/01/1861 12:00:00 AM,-25.75,-70.5,"(-25.75, -70.5)"
Youndegin,30374,Valid,"Iron, IAB-MG",3800000,Found,01/01/1884 12:00:00 AM,-32.1,117.71667,"(-32.1, 117.71667)"
Al Haggounia 001,44857,Valid,Aubrite,3000000,Found,1/1/2006 0:00,27.5,-12.5,"(27.5, -12.5)"
Toluca,24018,Valid,"Iron, IAB-sLL",3000000,Found,01/01/1776 12:00:00 AM,19.56667,-99.56667,"(19.56667, -99.56667)"
Xifu,54608,Valid,"Iron, IAB complex",3000000,Found,1/1/2004 0:00,36.3,120.48333,"(36.3, 120.48333)"
Yingde,30363,Valid,"Iron, IVA",3000000,Found,1/1/1964 0:00,24.2,113.4,"(24.2, 113.4)"
Old Woman,18007,Valid,"Iron, IIAB",2753000,Found,1/1/1976 0:00,34.46667,-115.23333,"(34.46667, -115.23333)"
Wabar,24194,Valid,"Iron, IIIAB",2550000,Found,01/01/1863 12:00:00 AM,21.49972,50.47222,"(21.49972, 50.47222)"
Huckitta,11922,Valid,"Pallasite, PMG-an",2300000,Found,1/1/1924 0:00,-22.36667,135.76667,"(-22.36667, 135.76667)"
Navajo,16926,Valid,"Iron, IIAB",2184000,Found,1/1/1921 0:00,35.33333,-109.5,"(35.33333, -109.5)"
Coahuila,5387,Valid,"Iron, IIAB",2100000,Found,01/01/1837 12:00:00 AM,28.7,-102.73333,"(28.7, -102.73333)"
Allende,2278,Valid,CV3,2000000,Fell,1/1/1969 0:00,26.96667,-105.31667,"(26.96667, -105.31667)"
Campinorte,52093,Valid,"Iron, ungrouped",2000000,Found,1/1/1992 0:00,-14.258,-49.15917,"(-14.258, -49.15917)"
Henbury,11872,Valid,"Iron, IIIAB",2000000,Found,1/1/1931 0:00,-24.56667,133.16667,"(-24.56667, 133.16667)"
Zhaoping,54609,Valid,"Iron, IAB complex",2000000,Found,1/1/1983 0:00,24.23333,111.18333,"(24.23333, 111.18333)"
Santa Luzia,23166,Valid,"Iron, IIAB",1918000,Found,1/1/1921 0:00,-16.26667,-47.95,"(-16.26667, -47.95)"
Ghubara,10911,Valid,L5,1750000,Found,1/1/1954 0:00,19.22778,56.14278,"(19.22778, 56.14278)"
Gebel Kamil,52031,Valid,"Iron, ungrouped",1600000,Found,1/1/2009 0:00,22.01833,26.08778,"(22.01833, 26.08778)"
Odessa (iron),17985,Valid,"Iron, IAB-MG",1600000,Found,1/1/1922 0:00,31.71667,-102.4,"(31.71667, -102.4)"
Casas Grandes,5285,Valid,"Iron, IIIAB",1545000,Found,01/01/1867 12:00:00 AM,30.4,-107.8,"(30.4, -107.8)"
Bitburg,5062,Valid,"Iron, IAB complex",1500000,Found,01/01/1805 12:00:00 AM,49.96667,6.53333,"(49.96667, 6.53333)"
Quinn Canyon,22364,Valid,"Iron, IIIAB",1450000,Found,1/1/1908 0:00,38.08333,-115.53333,"(38.08333, -115.53333)"
Charcas,5326,Valid,"Iron, IIIAB",1400000,Found,01/01/1804 12:00:00 AM,23.08333,-101.01667,"(23.08333, -101.01667)"
Santa Apolonia,23160,Valid,"Iron, IIIAB",1316000,Found,01/01/1872 12:00:00 AM,19.21667,-98.3,"(19.21667, -98.3)"
Tsarev,24058,Valid,L5,1225300,Found,1/1/1968 0:00,48.7,45.7,"(48.7, 45.7)"
Alkhamasin,475,Valid,"Iron, IIAB",1200000,Found,1/1/1973 0:00,20.6,44.88333,"(20.6, 44.88333)"
Kouga Mountains,12352,Valid,"Iron, IIIAB",1173000,Found,1/1/1903 0:00,-33.61667,24,"(-33.61667, 24.0)"
Goose Lake,10947,Valid,"Iron, IAB-sLL",1169500,Found,1/1/1938 0:00,41.98,-120.54167,"(41.98, -120.54167)"
Murnpeowie,16878,Valid,"Iron, IC",1143000,Found,1/1/1909 0:00,-29.58333,139.9,"(-29.58333, 139.9)"
Kunya-Urgench,12379,Valid,H5,1100000,Fell,1/1/1998 0:00,42.25,59.2,"(42.25, 59.2)"
Norton County,17922,Valid,Aubrite,1100000,Fell,1/1/1948 0:00,39.68333,-99.86667,"(39.68333, -99.86667)"
Fukang,34491,Valid,"Pallasite, PMG",1003000,Found,1/1/2000 0:00,44.43333,87.63333,"(44.43333, 87.63333)"
Bilibino,5046,Valid,"Iron, IIAB",1000000,Found,1/1/1981 0:00,67.3,160.8,"(67.3, 160.8)"
Zacatecas (1792),30381,Valid,"Iron, ungrouped",1000000,Found,01/01/1792 12:00:00 AM,22.81667,-102.56667,"(22.81667, -102.56667)"
Los Sauces,14710,Valid,Iron,997000,Found,1/1/1937 0:00,-29.41667,-66.85,"(-29.41667, -66.85)"
Tucson,24061,Valid,"Iron, ungrouped",975000,Found,01/01/1850 12:00:00 AM,31.85,-110.96667,"(31.85, -110.96667)"
Cosby's Creek,5450,Valid,"Iron, IAB-MG",960000,Found,01/01/1837 12:00:00 AM,35.78333,-83.25,"(35.78333, -83.25)"
Imilac,12025,Valid,"Pallasite, PMG",920000,Found,01/01/1822 12:00:00 AM,-24.20333,-68.80667,"(-24.20333, -68.80667)"
Zhigansk,30405,Valid,"Iron, IIIAB",900000,Found,1/1/1966 0:00,68,128.3,"(68.0, 128.3)"
Bondoc,5103,Valid,Mesosiderite-B4,888600,Found,1/1/1956 0:00,13.51667,122.45,"(13.51667, 122.45)"
Santa Rosa,23167,Valid,"Iron, IC",825000,Found,01/01/1810 12:00:00 AM,5.91667,-73,"(5.91667, -73.0)"
Brahin,5130,Valid,"Pallasite, PMG",823000,Found,01/01/1810 12:00:00 AM,52.5,30.33333,"(52.5, 30.33333)"
Red River,22548,Valid,"Iron, IIIAB",800000,Found,01/01/1808 12:00:00 AM,32,-95,"(32.0, -95.0)"
Sardis,23177,Valid,"Iron, IAB complex",800000,Found,1/1/1940 0:00,32.94889,-81.865,"(32.94889, -81.865)"
Wolf Creek,24326,Valid,"Iron, IIIAB",760000,Found,1/1/1947 0:00,-19.3,127.76667,"(-19.3, 127.76667)"
Esquel,10054,Valid,"Pallasite, PMG",755000,Found,1/1/1951 0:00,-42.9,-71.33333,"(-42.9, -71.33333)"
Gladstone (iron),10920,Valid,"Iron, IAB-MG",736600,Found,1/1/1915 0:00,-23.9,151.3,"(-23.9, 151.3)"
Mount Dooling,16771,Valid,"Iron, IC",734000,Found,1/1/1909 0:00,-29.45,119.71667,"(-29.45, 119.71667)"
Krasnojarsk,12356,Valid,"Pallasite, PMG-an",700000,Found,01/01/1749 12:00:00 AM,54.9,91.8,"(54.9, 91.8)"
Plainview (1917),18841,Valid,H5,700000,Found,1/1/1917 0:00,34.11667,-101.78333,"(34.11667, -101.78333)"
Davis Mountains,6615,Valid,"Iron, IIIAB",689000,Found,1/1/1903 0:00,30.75,-104.25,"(30.75, -104.25)"
Arispe,2332,Valid,"Iron, IC",683000,Found,01/01/1896 12:00:00 AM,30.33333,-109.98333,"(30.33333, -109.98333)"
Zerhamra,30403,Valid,"Iron, IIIAB-an",630000,Found,1/1/1967 0:00,29.85861,-2.645,"(29.85861, -2.645)"
Itapuranga,12057,Valid,"Iron, IAB-MG",628000,Found,,-15.58333,-50.15,"(-15.58333, -50.15)"
La Caille,12393,Valid,"Iron, ungrouped",626000,Found,01/01/1828 12:00:00 AM,43.73333,6.78333,"(43.73333, 6.78333)"
Jianshi,12087,Valid,"Iron, IIIAB",600000,Fell,01/01/1890 12:00:00 AM,30.80833,109.5,"(30.80833, 109.5)"
Adzhi-Bogdo (iron),389,Valid,"Iron, IAB complex",582000,Found,1/1/1952 0:00,44.86667,95.41667,"(44.86667, 95.41667)"
Long Island,14694,Valid,L6,564000,Found,01/01/1891 12:00:00 AM,39.93333,-99.6,"(39.93333, -99.6)"
Jiddat al Harasis 073,12135,Valid,L6,550000,Found,1/1/2002 0:00,19.7,55.73333,"(19.7, 55.73333)"
Rateldraai,22397,Valid,"Iron, IIIAB",549000,Found,1/1/1909 0:00,-28.83333,21.13333,"(-28.83333, 21.13333)"
Drum Mountains,7733,Valid,"Iron, IIIAB",529000,Found,1/1/1944 0:00,39.5,-112.9,"(39.5, -112.9)"
Grant,10957,Valid,"Iron, IIIAB",525000,Found,1/1/1929 0:00,35.16667,-107.88333,"(35.16667, -107.88333)"
Tamentit,23798,Valid,"Iron, IIIAB",510000,Found,01/01/1864 12:00:00 AM,27.71667,-0.25,"(27.71667, -0.25)"
Trenton,24045,Valid,"Iron, IIIAB",505000,Found,01/01/1858 12:00:00 AM,43.36667,-88.13333,"(43.36667, -88.13333)"
Haig,11471,Valid,"Iron, IIIAB",503000,Found,1/1/1951 0:00,-31.38333,125.63333,"(-31.38333, 125.63333)"
Knyahinya,12335,Valid,L/LL5,500000,Fell,01/01/1866 12:00:00 AM,48.9,22.4,"(48.9, 22.4)"
Ochansk,17979,Valid,H4,500000,Fell,01/01/1887 12:00:00 AM,57.78333,55.26667,"(57.78333, 55.26667)"
Boxhole,5126,Valid,"Iron, IIIAB",500000,Found,1/1/1937 0:00,-22.61667,135.2,"(-22.61667, 135.2)"
El Timbu,7820,Valid,Iron,500000,Found,1/1/1942 0:00,-33.11667,-60.96667,"(-33.11667, -60.96667)"
Prambanan,18884,Valid,"Iron, ungrouped",500000,Found,01/01/1797 12:00:00 AM,-7.56667,110.83333,"(-7.56667, 110.83333)"
Wildara,24265,Valid,H5,500000,Found,1/1/1968 0:00,-28.23333,120.85,"(-28.23333, 120.85)"
Jepara,53840,Valid,"Pallasite, PMG",499500,Found,1/1/2008 0:00,-6.6,110.73333,"(-6.6, 110.73333)"
Saint-Aubin,23096,Valid,"Iron, IIIAB",472000,Found,1/1/1968 0:00,48.48333,3.58333,"(48.48333, 3.58333)"
Carbo,5266,Valid,"Iron, IID",454000,Found,1/1/1923 0:00,29.66667,-111.5,"(29.66667, -111.5)"
Etter,10062,Valid,L5,450000,Found,1/1/1965 0:00,35.98333,-101.9,"(35.98333, -101.9)"
Sayh al Uhaymir 001,23193,Valid,L5,450000,Found,1/1/2000 0:00,20.51667,56.66667,"(20.51667, 56.66667)"
Wallapai,24206,Valid,"Iron, IID",430000,Found,1/1/1927 0:00,35.8,-113.7,"(35.8, -113.7)"
Yanhuitlan,30349,Valid,"Iron, IVA",421000,Found,01/01/1825 12:00:00 AM,17.53333,-97.35,"(17.53333, -97.35)"
Paragould,18101,Valid,LL5,408000,Fell,1/1/1930 0:00,36.06667,-90.5,"(36.06667, -90.5)"
Allan Hills A76009,1316,Valid,L6,407000,Found,1/1/1976 0:00,-76.71667,159.66667,"(-76.71667, 159.66667)"
Augustinovka,4898,Valid,"Iron, IIIAB",400000,Found,01/01/1890 12:00:00 AM,48.06667,35.08333,"(48.06667, 35.08333)"
Pei Xian,18784,Valid,Iron,400000,Found,1/1/1917 0:00,34.7,117,"(34.7, 117.0)"
Mount Joy,16779,Valid,"Iron, IIAB",384000,Found,01/01/1887 12:00:00 AM,39.78333,-77.21667,"(39.78333, -77.21667)"
Mont Dieu,16722,Valid,"Iron, ungrouped",360000,Found,1/1/1994 0:00,49.55,4.86667,"(49.55, 4.86667)"
Hugoton,11984,Valid,H5,350000,Found,1/1/1927 0:00,37.2,-101.35,"(37.2, -101.35)"
Longtian,14696,Valid,"Iron, IIIAB",350000,Found,1/1/1991 0:00,27.35,108.5,"(27.35, 108.5)"
Kokstad,12341,Valid,"Iron, IIIE",341000,Found,01/01/1884 12:00:00 AM,-30.55,29.41667,"(-30.55, 29.41667)"
Bjurböle,5064,Valid,L/LL4,330000,Fell,01/01/1899 12:00:00 AM,60.4,25.8,"(60.4, 25.8)"
Millbillillie,16643,Valid,Eucrite-mmict,330000,Fell,1/1/1960 0:00,-26.45,120.36667,"(-26.45, 120.36667)"
Mount Edith,16773,Valid,"Iron, IIIAB",326000,Found,1/1/1913 0:00,-22.5,116.16667,"(-22.5, 116.16667)"
Sterlitamak,23724,Valid,"Iron, IIIAB",325000,Fell,1/1/1990 0:00,53.66667,55.98333,"(53.66667, 55.98333)"
Seymchan,23510,Valid,"Pallasite, PMG",323300,Found,1/1/1967 0:00,62.9,152.43333,"(62.9, 152.43333)"
Estherville,10059,Valid,Mesosiderite-A3/4,320000,Fell,01/01/1879 12:00:00 AM,43.41667,-94.83333,"(43.41667, -94.83333)"
Tamarugal,23794,Valid,"Iron, IIIAB",320000,Found,1/1/1903 0:00,-20.8,-69.66667,"(-20.8, -69.66667)"
Guffey,11441,Valid,"Iron, ungrouped",309000,Found,1/1/1907 0:00,38.76667,-105.51667,"(38.76667, -105.51667)"
Nova Petropolis,17928,Valid,"Iron, IIIAB",305000,Found,1/1/1967 0:00,-29.43333,-50.91667,"(-29.43333, -50.91667)"
Bruderheim,5156,Valid,L6,303000,Fell,1/1/1960 0:00,53.9,-112.88333,"(53.9, -112.88333)"
Gressk,11200,Valid,"Iron, IIAB",303000,Found,1/1/1955 0:00,53.23333,27.33333,"(53.23333, 27.33333)"
Mocs,16709,Valid,L5-6,300000,Fell,01/01/1882 12:00:00 AM,46.8,24.03333,"(46.8, 24.03333)"
Putinga,18905,Valid,L6,300000,Fell,1/1/1937 0:00,-29.03333,-53.05,"(-29.03333, -53.05)"
North Chile,17001,Valid,"Iron, IIAB",300000,Found,01/01/1875 12:00:00 AM,-23,-69,"(-23.0, -69.0)"
Tianlin,23983,Valid,"Iron, IAB complex",300000,Found,1/1/1956 0:00,24.3,106.1,"(24.3, 106.1)"
Morland,16746,Valid,H6,295000,Found,01/01/1890 12:00:00 AM,39.33333,-100.06667,"(39.33333, -100.06667)"
Bur-Abor,5166,Valid,"Iron, IIIAB",290000,Found,1/1/1997 0:00,3.98333,41.65,"(3.98333, 41.65)"
Estacado,10057,Valid,H6,290000,Found,01/01/1883 12:00:00 AM,33.9,-101.75,"(33.9, -101.75)"
Morasko,16741,Valid,"Iron, IAB-MG",290000,Found,1/1/1914 0:00,52.46667,16.9,"(52.46667, 16.9)"
Clovis (no. 1),5385,Valid,H3.6,283000,Found,1/1/1961 0:00,34.3,-103.13472,"(34.3, -103.13472)"
Rio Limay,22609,Valid,L5,280000,Found,1/1/1995 0:00,-39.85,-69.48333,"(-39.85, -69.48333)"
Sanclerlandia,23132,Valid,"Iron, IIIAB",279000,Found,1/1/1971 0:00,-16.21667,-50.3,"(-16.21667, -50.3)"
South Dahna,23677,Valid,"Iron, IAB complex",275000,Found,1/1/1957 0:00,22.56667,48.3,"(22.56667, 48.3)"
Mount Padbury,16785,Valid,Mesosiderite-A1,272000,Found,1/1/1964 0:00,-25.66667,118.1,"(-25.66667, 118.1)"
Saint-Séverin,23102,Valid,LL6,271000,Fell,1/1/1966 0:00,45.3,0.23333,"(45.3, 0.23333)"
Lake Murray,12446,Valid,"Iron, IIAB",270000,Found,1/1/1933 0:00,34.1,-97,"(34.1, -97.0)"
Miles,16641,Valid,"Iron, IIE",265000,Found,1/1/1992 0:00,-27.83333,150.33333,"(-27.83333, 150.33333)"
Potter,18878,Valid,L6,261000,Found,1/1/1941 0:00,41.23333,-103.3,"(41.23333, -103.3)"
Suizhou,23738,Valid,L6,260000,Fell,1/1/1986 0:00,31.61667,113.46667,"(31.61667, 113.46667)"
Tishomingo,24010,Valid,"Iron, ungrouped",260000,Found,1/1/1965 0:00,34.25,-96.68333,"(34.25, -96.68333)"
Dalgety Downs,5507,Valid,L4,257000,Found,1/1/1941 0:00,-25.33333,116.18333,"(-25.33333, 116.18333)"
Boguslavka,5098,Valid,"Iron, IIAB",256000,Fell,1/1/1916 0:00,44.55,131.63333,"(44.55, 131.63333)"
Dhofar 020,6719,Valid,H4/5,256000,Found,1/1/2000 0:00,19.03333,54.51667,"(19.03333, 54.51667)"
Uegit,24105,Valid,"Iron, IIIAB",252000,Found,1/1/1921 0:00,3.81667,43.33333,"(3.81667, 43.33333)"
Omolon,18019,Valid,"Pallasite, PMG",250000,Fell,1/1/1981 0:00,64.02,161.80833,"(64.02, 161.80833)"
Pultusk,18901,Valid,H5,250000,Fell,01/01/1868 12:00:00 AM,52.76667,21.26667,"(52.76667, 21.26667)"
Netschaëvo,16949,Valid,"Iron, IIE-an",250000,Found,01/01/1846 12:00:00 AM,54.23333,35.15,"(54.23333, 35.15)"
Shangdu,23523,Valid,"Iron, IIIAB",247000,Found,1/1/1957 0:00,42.5,114,"(42.5, 114.0)"
St. Genevieve County,23086,Valid,"Iron, IIIF",244500,Found,01/01/1888 12:00:00 AM,37.96667,-90.31667,"(37.96667, -90.31667)"
El Hammami,7806,Valid,H5,240000,Found,1/1/1997 0:00,23.28333,-10.81667,"(23.28333, -10.81667)"
Sacramento Mountains,22794,Valid,"Iron, IIIAB",237200,Found,01/01/1890 12:00:00 AM,32.91667,-104.66667,"(32.91667, -104.66667)"
Homestead,11901,Valid,L5,230000,Fell,01/01/1875 12:00:00 AM,41.8,-91.86667,"(41.8, -91.86667)"
New Concord,16953,Valid,L6,230000,Fell,01/01/1860 12:00:00 AM,40,-81.76667,"(40.0, -81.76667)"
Muonionalusta,16873,Valid,"Iron, IVA",230000,Found,1/1/1906 0:00,67.8,23.1,"(67.8, 23.1)"
Alfianello,466,Valid,L6,228000,Fell,01/01/1883 12:00:00 AM,45.26667,10.15,"(45.26667, 10.15)"
Bear Creek,4982,Valid,"Iron, IIIAB",227000,Found,01/01/1866 12:00:00 AM,39.6,-105.3,"(39.6, -105.3)"
Holbrook,11894,Valid,L/LL6,220000,Fell,1/1/1912 0:00,34.9,-110.18333,"(34.9, -110.18333)"
Guixi,11446,Valid,"Iron, IIIAB",220000,Found,,28.28333,117.18333,"(28.28333, 117.18333)"
Youxi,55793,Valid,Mesosiderite-C,218000,Found,1/1/2006 0:00,26.06,118.01,"(26.06, 118.01)"
Acuña,373,Valid,"Iron, IIIAB",217700,Found,1/1/1981 0:00,29.31667,-100.96667,"(29.31667, -100.96667)"
Ssyromolotovo,23694,Valid,"Iron, IIIAB",217000,Found,01/01/1873 12:00:00 AM,58.61667,98.93333,"(58.61667, 98.93333)"
Chinga,5353,Valid,"Iron, ungrouped",209400,Found,1/1/1913 0:00,51.05833,94.4,"(51.05833, 94.4)"
Kainsaz,12229,Valid,CO3.2,200000,Fell,1/1/1937 0:00,55.43333,53.25,"(55.43333, 53.25)"
Kunashak,12377,Valid,L6,200000,Fell,1/1/1949 0:00,55.78333,61.36667,"(55.78333, 61.36667)"
Saratov,23176,Valid,L4,200000,Fell,1/1/1918 0:00,52.55,46.55,"(52.55, 46.55)"
Barratta,4951,Valid,L4,200000,Found,01/01/1845 12:00:00 AM,-35.3,144.56667,"(-35.3, 144.56667)"
Dimmitt,7645,Valid,H3.7,200000,Found,1/1/1942 0:00,34.58333,-102.16667,"(34.58333, -102.16667)"
Jiddat al Harasis 055,12119,Valid,L4-5,200000,Found,1/1/2004 0:00,19.65167,55.69,"(19.65167, 55.69)"
Liangcheng,14645,Valid,"Iron, IIIAB",200000,Found,1/1/1959 0:00,40.5,112.5,"(40.5, 112.5)"
Moshesh,16756,Valid,H,200000,Found,,-30.1,28.71667,"(-30.1, 28.71667)"
Patos de Minas (octahedrite),18114,Valid,"Iron, IAB complex",200000,Found,1/1/1925 0:00,-18.58333,-46.53333,"(-18.58333, -46.53333)"
Porto Alegre,52091,Valid,"Iron, IIIE",200000,Found,1/1/2005 0:00,-30.03306,-51.23,"(-30.03306, -51.23)"
Pallasovka,34061,Valid,"Pallasite, PMG",198000,Found,1/1/1990 0:00,49.86667,46.61167,"(49.86667, 46.61167)"
Kenton County,12280,Valid,"Iron, IIIAB",194000,Found,01/01/1889 12:00:00 AM,38.81667,-84.6,"(38.81667, -84.6)"
Owens Valley,18061,Valid,"Iron, IIIAB",192800,Found,1/1/1913 0:00,37.46667,-118,"(37.46667, -118.0)"
Guanghua,11434,Valid,"Iron, IVA",190000,Found,1/1/1932 0:00,32.4,111.7,"(32.4, 111.7)"
Admire,380,Valid,"Pallasite, PMG",180000,Found,01/01/1881 12:00:00 AM,38.7,-96.1,"(38.7, -96.1)"
Travis County (a),24040,Valid,H5,175400,Found,01/01/1889 12:00:00 AM,30.3,-97.7,"(30.3, -97.7)"
Zag,30384,Valid,H3-6,175000,Fell,1/1/1998 0:00,27.33333,-9.33333,"(27.33333, -9.33333)"
Iron Creek,12047,Valid,"Iron, IIIAB",175000,Found,01/01/1869 12:00:00 AM,53,-112,"(53.0, -112.0)"
Tanokami Mountain,23872,Valid,"Iron, IIIE",174000,Found,01/01/1885 12:00:00 AM,34.91667,135.96667,"(34.91667, 135.96667)"
Tamir-Tsetserleg,23799,Valid,Stone-uncl,173000,Found,1/1/1956 0:00,47.45,101.47917,"(47.45, 101.47917)"
Owasco,18060,Valid,L6,168400,Found,1/1/1984 0:00,41.2,-103.68333,"(41.2, -103.68333)"
Madoc,15381,Valid,"Iron, IIIAB",168000,Found,01/01/1854 12:00:00 AM,44.5,-77.46667,"(44.5, -77.46667)"
Manlai,15407,Valid,"Iron, ungrouped",166800,Found,1/1/1954 0:00,44.33333,106.5,"(44.33333, 106.5)"
Djati-Pengilon,7652,Valid,H6,166000,Fell,01/01/1884 12:00:00 AM,-7.5,111.5,"(-7.5, 111.5)"
São Julião de Moreira,23172,Valid,"Iron, IIAB",162000,Found,01/01/1883 12:00:00 AM,41.76611,-8.58361,"(41.76611, -8.58361)"
Zaragoza,48916,Valid,"Iron, IVA-an",162000,Found,,41.65,-0.86667,"(41.65, -0.86667)"
Knowles,12334,Valid,"Iron, IIIAB",161000,Found,1/1/1903 0:00,36.9,-100.21667,"(36.9, -100.21667)"
Tenham,23897,Valid,L6,160000,Fell,01/01/1879 12:00:00 AM,-25.73333,142.95,"(-25.73333, 142.95)"
Garabato,10856,Valid,H5,160000,Found,1/1/1995 0:00,-28.86667,-60.2,"(-28.86667, -60.2)"
Qijiaojing,54610,Valid,"Iron, ungrouped",160000,Found,1/1/2003 0:00,43.75,92.91667,"(43.75, 92.91667)"
Mount Vernon,16806,Valid,"Pallasite, PMG",159000,Found,01/01/1868 12:00:00 AM,36.93333,-87.4,"(36.93333, -87.4)"
Longchang,14695,Valid,"Iron, IVA-an",158500,Found,01/01/1781 12:00:00 AM,29.3,105.3,"(29.3, 105.3)"
Kimble County,12311,Valid,H6,153800,Found,1/1/1918 0:00,30.41667,-99.4,"(30.41667, -99.4)"
Bluff (a),5087,Valid,L5,153300,Found,01/01/1878 12:00:00 AM,29.87861,-96.87222,"(29.87861, -96.87222)"
Forest City,10119,Valid,H5,152000,Fell,01/01/1890 12:00:00 AM,43.25,-93.66667,"(43.25, -93.66667)"
Glasatovo,10926,Valid,H4,152000,Fell,1/1/1918 0:00,57.35,37.61667,"(57.35, 37.61667)"
Yardymly,30352,Valid,"Iron, IAB complex",150200,Fell,1/1/1959 0:00,38.93333,48.25,"(38.93333, 48.25)"
Mbale,15455,Valid,L5/6,150000,Fell,1/1/1992 0:00,1.06667,34.16667,"(1.06667, 34.16667)"
Olivenza,18013,Valid,LL5,150000,Fell,1/1/1924 0:00,38.71667,-7.06667,"(38.71667, -7.06667)"
Weston,24249,Valid,H4,150000,Fell,01/01/1807 12:00:00 AM,41.266667,-73.266667,"(41.266667, -73.266667)"
Wiluna,24281,Valid,H5,150000,Fell,1/1/1967 0:00,-26.59278,120.32833,"(-26.59278, 120.32833)"
Jalu,12070,Valid,L6,150000,Found,1/1/2000 0:00,27.95833,21.68333,"(27.95833, 21.68333)"
Magura,15388,Valid,"Iron, IAB-MG",150000,Found,01/01/1840 12:00:00 AM,49.33333,19.48333,"(49.33333, 19.48333)"
McKinney,15463,Valid,L4,150000,Found,01/01/1870 12:00:00 AM,33.18333,-96.71667,"(33.18333, -96.71667)"
Tres Castillos,24047,Valid,"Iron, ungrouped",150000,Found,1/1/1992 0:00,29.47,-105.8,"(29.47, -105.8)"
Montferré,16727,Valid,H5,149000,Fell,1/1/1923 0:00,43.39056,1.9625,"(43.39056, 1.9625)"
Orange River (iron),18023,Valid,"Iron, IIIAB",148800,Found,01/01/1855 12:00:00 AM,-30,25,"(-30.0, 25.0)"
Camp Wood,51830,Valid,"Iron, IIIAB",148000,Found,,29.7725,-99.875,"(29.7725, -99.875)"
Glorieta Mountain,10935,Valid,"Pallasite, PMG-an",148000,Found,01/01/1884 12:00:00 AM,35.6,-105.8,"(35.6, -105.8)"
Gilgoin,10915,Valid,H5,147000,Found,01/01/1889 12:00:00 AM,-30.38333,147.2,"(-30.38333, 147.2)"
Wichita County,24257,Valid,"Iron, IAB-MG",145000,Found,01/01/1836 12:00:00 AM,34.06667,-98.91667,"(34.06667, -98.91667)"
Molina,16715,Valid,H5,144000,Fell,01/01/1858 12:00:00 AM,38.11667,-1.16667,"(38.11667, -1.16667)"
El Sampal,7817,Valid,"Iron, IIIAB",142000,Found,1/1/1973 0:00,-44.53333,-70.36667,"(-44.53333, -70.36667)"
Keyes,12287,Valid,L6,142000,Found,1/1/1939 0:00,36.71667,-102.5,"(36.71667, -102.5)"
Tambo Quemado,23797,Valid,"Iron, IIIAB",141000,Found,1/1/1950 0:00,-14.66667,-74.5,"(-14.66667, -74.5)"
Ysleta,30375,Valid,"Iron, ungrouped",140700,Found,1/1/1914 0:00,31.65,-106.18333,"(31.65, -106.18333)"
Selma,23486,Valid,H4,140600,Found,1/1/1906 0:00,32.4,-87,"(32.4, -87.0)"
Huizopa,11985,Valid,"Iron, IVA",140000,Found,1/1/1907 0:00,28.9,-108.56667,"(28.9, -108.56667)"
Ider,11999,Valid,"Iron, IIIAB",140000,Found,1/1/1957 0:00,34.68333,-85.65,"(34.68333, -85.65)"
Korra Korrabes,12347,Valid,H3,140000,Found,1/1/1996 0:00,-25.2,18.08333,"(-25.2, 18.08333)"
Brainard,5131,Valid,"Iron, IIIAB",138300,Found,1/1/1978 0:00,41.15333,-96.955,"(41.15333, -96.955)"
Derrick Peak A78009,6685,Valid,"Iron, IIAB",138100,Found,1/1/1978 0:00,-80.06667,156.38333,"(-80.06667, 156.38333)"
Babb's Mill (Blake's Iron),4915,Valid,"Iron, ungrouped",136000,Found,01/01/1876 12:00:00 AM,36.3,-82.88333,"(36.3, -82.88333)"
Cape of Good Hope,5261,Valid,"Iron, IVB",136000,Found,01/01/1793 12:00:00 AM,-33.5,26,"(-33.5, 26.0)"
Kesen,12286,Valid,H4,135000,Fell,01/01/1850 12:00:00 AM,38.98333,141.61667,"(38.98333, 141.61667)"
Colomera,5404,Valid,"Iron, IIE",134000,Found,1/1/1912 0:00,37.43333,-3.65,"(37.43333, -3.65)"
Carnegie,5278,Valid,L6,132700,Found,1/1/1963 0:00,35.16667,-98.64389,"(35.16667, -98.64389)"
Araslanovo,2324,Valid,L/LL5,132000,Found,1/1/1973 0:00,55.14167,48.2,"(55.14167, 48.2)"
Karavannoe,56567,Valid,"Pallasite, PES",132000,Found,,57.78117,47.67967,"(57.78117, 47.67967)"
Yenberrie,30361,Valid,"Iron, IAB-MG",132000,Found,1/1/1918 0:00,-14.25,132.01667,"(-14.25, 132.01667)"
Dong Ujimqin Qi,7706,Valid,Mesosiderite,128800,Fell,1/1/1995 0:00,45.5,119.03333,"(45.5, 119.03333)"
Chebankol,5335,Valid,"Iron, IAB-sHL",127760,Found,1/1/1938 0:00,53.66667,88,"(53.66667, 88.0)"
Ozona,18066,Valid,H6,127500,Found,1/1/1929 0:00,30.73333,-101.3,"(30.73333, -101.3)"
Ensisheim,10039,Valid,LL6,127000,Fell,12/23/1491 12:00:00 AM,47.86667,7.35,"(47.86667, 7.35)"
Carthage,5282,Valid,"Iron, IIIAB",127000,Found,01/01/1840 12:00:00 AM,36.26667,-85.98333,"(36.26667, -85.98333)"
Dhofar 005,6704,Valid,L6,125500,Found,1/1/2000 0:00,18.16667,54.16667,"(18.16667, 54.16667)"
Jiddat al Harasis 091,12150,Valid,L5,123374,Found,1/1/2002 0:00,19.69362,56.65432,"(19.69362, 56.65432)"
Bur-Gheluai,5169,Valid,H5,120000,Fell,1/1/1919 0:00,5,48,"(5.0, 48.0)"
Santiago Papasquiero,23169,Valid,"Iron, ungrouped",119500,Found,1/1/1958 0:00,24.5,-106,"(24.5, -106.0)"
Youanmi,30373,Valid,"Iron, IIIAB",118400,Found,1/1/1917 0:00,-29.5,118.75,"(-29.5, 118.75)"
Duketon,7740,Valid,"Iron, IIIAB",118300,Found,1/1/1948 0:00,-27.5,122.36667,"(-27.5, 122.36667)"
Bencubbin,5014,Valid,CBa,118000,Found,1/1/1930 0:00,-30.75,117.78333,"(-30.75, 117.78333)"
Scurry,23468,Valid,H5,118000,Found,1/1/1937 0:00,32.5,-101,"(32.5, -101.0)"
Para de Minas,18099,Valid,"Iron, IVA",116300,Found,1/1/1934 0:00,-19.86667,-44.61667,"(-19.86667, -44.61667)"
Cleveland,5379,Valid,"Iron, IIIAB",115000,Found,01/01/1860 12:00:00 AM,34.88333,-84.78333,"(34.88333, -84.78333)"
Tafassasset,23779,Valid,CR-an,114000,Found,1/1/2000 0:00,20.76333,10.44167,"(20.76333, 10.44167)"
Caperr,5263,Valid,"Iron, IIIAB",113900,Found,01/01/1869 12:00:00 AM,-45.28333,-70.48333,"(-45.28333, -70.48333)"
Buenaventura,5162,Valid,"Iron, IIIAB",113600,Found,1/1/1969 0:00,29.8,-107.55,"(29.8, -107.55)"
Gundaring,11452,Valid,"Iron, IIIAB",112500,Found,1/1/1937 0:00,-33.3,117.66667,"(-33.3, 117.66667)"
Oakley (iron),17972,Valid,"Iron, IIIF",111000,Found,1/1/1926 0:00,42.33333,-113.7,"(42.33333, -113.7)"
Florey,10112,Valid,H6,110800,Found,1/1/1978 0:00,32.5225,-102.705,"(32.5225, -102.705)"
Etosha,10061,Valid,"Iron, IC",110700,Found,1/1/1970 0:00,-18.5,16,"(-18.5, 16.0)"
Lewis Cliff 85320,12790,Valid,H5,110224,Found,1/1/1985 0:00,-84.26223,161.41628,"(-84.26223, 161.41628)"
Mount Tazerzait,16804,Valid,L5,110000,Fell,1/1/1991 0:00,18.7,4.8,"(18.7, 4.8)"
Sulagiri,48951,Valid,LL6,110000,Fell,1/1/2008 0:00,12.66667,78.03333,"(12.66667, 78.03333)"
Lenarto,12763,Valid,"Iron, IIIAB",108500,Found,01/01/1814 12:00:00 AM,49,21,"(49.0, 21.0)"
Abee,6,Valid,EH4,107000,Fell,1/1/1952 0:00,54.21667,-113,"(54.21667, -113.0)"
Elbogen,7823,Valid,"Iron, IID",107000,Fell,12/24/1399 12:00:00 AM,50.18333,12.73333,"(50.18333, 12.73333)"
Zhovtnevyi,30407,Valid,H6,107000,Fell,1/1/1938 0:00,47.58333,37.25,"(47.58333, 37.25)"
Tiberrhamine,23985,Valid,L6,107000,Found,1/1/1967 0:00,28.11667,0.53333,"(28.11667, 0.53333)"
Cook 001,5421,Valid,H5,105000,Found,1/1/1989 0:00,-30.33333,130.53333,"(-30.33333, 130.53333)"
Faith,10071,Valid,H5,105000,Found,1/1/1952 0:00,45.33333,-102.08333,"(45.33333, -102.08333)"
Chico,5346,Valid,L6,104800,Found,1/1/1954 0:00,36.5,-104.2,"(36.5, -104.2)"
Colby (Wisconsin),5395,Valid,L6,104000,Fell,1/1/1917 0:00,44.9,-90.28333,"(44.9, -90.28333)"
Juncal,12211,Valid,"Iron, IIIAB",104000,Found,01/01/1866 12:00:00 AM,-26,-69.25,"(-26.0, -69.25)"
Molong,16716,Valid,"Pallasite, PMG",104000,Found,1/1/1912 0:00,-33.28333,148.88333,"(-33.28333, 148.88333)"
Udei Station,24101,Valid,"Iron, IAB-ung",103000,Fell,1/1/1927 0:00,7.95,8.08333,"(7.95, 8.08333)"
Rifle,22605,Valid,"Iron, IAB-MG",102700,Found,1/1/1948 0:00,38.51667,-107.83333,"(38.51667, -107.83333)"
Seeläsgen,23474,Valid,"Iron, IAB-MG",102000,Found,01/01/1847 12:00:00 AM,52.26667,15.55,"(52.26667, 15.55)"
Sevrukovo,23509,Valid,L5,101000,Fell,01/01/1874 12:00:00 AM,50.61667,36.6,"(50.61667, 36.6)"
Chelyabinsk,57165,Valid,LL5,100000,Fell,1/1/2013 0:00,54.81667,61.11667,"(54.81667, 61.11667)"
Chergach ,47347,Valid,H5,100000,Fell,1/1/2007 0:00,23.69639,-5.01472,"(23.69639, -5.01472)"
Gujba,11449,Valid,CBa,100000,Fell,1/1/1984 0:00,11.49167,11.65833,"(11.49167, 11.65833)"
Juancheng,12203,Valid,H5,100000,Fell,1/1/1997 0:00,35.5,115.41667,"(35.5, 115.41667)"
Kidairat,12300,Valid,H6,100000,Fell,1/1/1983 0:00,14,28,"(14.0, 28.0)"
Murchison,16875,Valid,CM2,100000,Fell,1/1/1969 0:00,-36.61667,145.2,"(-36.61667, 145.2)"
Paranaiba,18103,Valid,L6,100000,Fell,1/1/1956 0:00,-19.13333,-51.66667,"(-19.13333, -51.66667)"
Tamdakht,48691,Valid,H5,100000,Fell,1/1/2008 0:00,31.16333,-7.015,"(31.16333, -7.015)"
Agoudal,57354,Valid,"Iron, IIAB",100000,Found,1/1/2000 0:00,31.98457,-5.51528,"(31.98457, -5.51528)"
Anyujskij,2312,Valid,"Iron, IIAB",100000,Found,1/1/1981 0:00,66.9,164.2,"(66.9, 164.2)"
Bou Azarif,53812,Valid,H5,100000,Found,1/1/2010 0:00,31.15643,-5.15262,"(31.15643, -5.15262)"
Budulan,5161,Valid,Mesosiderite-B4,100000,Found,1/1/1962 0:00,50.56667,114.9,"(50.56667, 114.9)"
Cook 007,5427,Valid,H4,100000,Found,1/1/1989 0:00,-30.61667,130.41667,"(-30.61667, 130.41667)"
Dimitrovgrad,7644,Valid,"Iron, IIIAB",100000,Found,1/1/1949 0:00,43.04639,22.86389,"(43.04639, 22.86389)"
Faucett,10077,Valid,H5,100000,Found,1/1/1966 0:00,39.61667,-94.86667,"(39.61667, -94.86667)"
Franconia,10174,Valid,H5,100000,Found,1/1/2002 0:00,34.71637,-114.22197,"(34.71637, -114.22197)"
Lutschaunig's Stone,14762,Valid,L6,100000,Found,01/01/1861 12:00:00 AM,-27,-70,"(-27.0, -70.0)"
Pierceville (iron),18819,Valid,"Iron, IIIAB",100000,Found,1/1/1917 0:00,37.86667,-100.66667,"(37.86667, -100.66667)"
Retuerta del Bullaque,56577,Valid,"Iron, IAB-MG",100000,Found,1/1/1980 0:00,39.45889,-4.3775,"(39.45889, -4.3775)"
Zhongxiang,30406,Valid,Iron,100000,Found,1/1/1981 0:00,31.2,112.5,"(31.2, 112.5)"
Social Circle,23659,Valid,"Iron, IVA",99300,Found,1/1/1927 0:00,33.7,-83.7,"(33.7, -83.7)"
Steinbach,23722,Valid,"Iron, IVA-an",98000,Found,01/01/1724 12:00:00 AM,50.5,12.5,"(50.5, 12.5)"
Palmas de Monte Alto,48959,Valid,"Iron, IIIAB",97000,Found,1/1/1954 0:00,-14.3675,-43.02278,"(-14.3675, -43.02278)"
Zavid,30396,Valid,L6,95000,Fell,01/01/1897 12:00:00 AM,44.4,19.11667,"(44.4, 19.11667)"
Dar al Gani 749,6296,Valid,CO3,95000,Found,1/1/1999 0:00,27.30167,15.7645,"(27.30167, 15.7645)"
Loreto,14705,Valid,"Iron, IIIAB",94800,Found,01/01/1896 12:00:00 AM,26.01667,-111.36667,"(26.01667, -111.36667)"
Weekeroo Station,24230,Valid,"Iron, IIE-an",94200,Found,1/1/1924 0:00,-32.26667,139.86667,"(-32.26667, 139.86667)"
Carver,5284,Valid,"Iron, IIAB",94000,Found,1/1/1935 0:00,32,-86,"(32.0, -86.0)"
Concho,5417,Valid,L6,93500,Found,1/1/1939 0:00,32,-101.5,"(32.0, -101.5)"
Machinga,15371,Valid,L6,93200,Fell,1/1/1981 0:00,-15.21222,35.24222,"(-15.21222, 35.24222)"
Watson 001,24221,Valid,"Iron, IIE",93000,Found,1/1/1972 0:00,-30.5,131.55,"(-30.5, 131.55)"
